URL,hxxps://www.dropbox.com/s/qje0yrz03au66d0/JobDescription.doc?dl=1
URL,hxxps://dl.dropboxusercontent.com/content_link/AKqqkZsJRuxz5VkEgcguqNE7Th3iscMsSYvivwzAYuTZQWDBLsbUb7yBdbW2lHos/file?dl=1
URL,hxxps://www.dropbox.com/s/q7w33sbdil0i1w5/job
URL,hxxp://deltaemis.com/CRCForm/3E_Company/Sikorsky/E4174/JobDescription.doc
URL,hxxps://dl.dropboxusercontent.com/content_link/AKqkZsJRuxz5VkEgcguqNE7Th3iscMsSYvivwzAYuTZQWDBLsbUb7yBdbW2lHos/file?dl=1
Host,worker.co.kr
Host,deltaemis.com
Host,palgong-cc.co.kr
MD5,BDAEDB14723C6C8A4688CC8FC1CFE668
MD5,D4C93B85FFE88DDD552860B148831026
