URL,hxxps://www.anca-aste.it/uploads/form/02E319AF73A33547343B71D5CB1064BC.dotm
URL,hxxp://www.elite4print.com/admin/order/batchPdfs.asp
URL,hxxps://www.sanlorenzoyacht.com/newsl/uploads/docs/43.dotm
URL,hxxps://www.astedams.it/uploads/template/17.dotm
URL,hxxps://www.sanlorenzoyacht.com/newsl/uploads/docs/1.dotm
URL,hxxps://www.anca-aste.it/uploads/form/******_jd_t034519.jpg
URL,hxxp://saemaeul.mireene.com/skin/board/basic/bin
URL,hxxp://saemaeul.mireene.com/skin/visit/basic/log
URL,hxxps://od.lk/d/MzBfMjA1Njc0ODdf/pubmaterial.dotm
URL,hxxps://www.ne-ba.org/files/gallery/images/83878C91171338902E0FE0FB97A8C47A.dotm
Host,od.lk
Host,saemaeul.mireene.com
Host,elite4print.com
Host,mireene.com
Host,orblog.mireene.com
Host,sgmedia.mireene.com
Host,vnext.mireene.com
Host,nhpurumy.mireene.com
Host,jmable.mireene.com
Host,jmdesign.mireene.com
Host,all200.mireene.com
Host,www.anca-aste.it
Host,www.elite4print.com
Host,www.sanlorenzoyacht.com
Host,www.astedams.it
Host,www.ne-ba.org
SHA256,bff4d04caeaf8472283906765df34421d657bd631f5562c902e82a3a0177d114
SHA256,b76b6bbda8703fa801898f843692ec1968e4b0c90dfae9764404c1a54abf650b
SHA256,37a3c01bb5eaf7ecbcfbfde1aab848956d782bb84445384c961edebe8d0e9969
SHA256,48b8486979973656a15ca902b7bb973ee5cde9a59e2f3da53c86102d48d7dad8
SHA256,322aa22163954ff3ff017014e357b756942a2a762f1c55455c83fd594e844fdd
SHA256,a3eca35d14b0e020444186a5faaba5997994a47af08580521f808b1bb83d6063
SHA256,d1e2a9367338d185ef477acc4d91ad45f5e6a7d11936c3eb4be463ae0b119185
SHA256,ecbe46ca324096fd5e35729f39fa3bda9226bbefd6286d53e61b1be56a36de5b
SHA256,40fbac7a241bea412734134394ca81c0090698cf0689f2b67c54aa66b7e04670
SHA256,6a3446b8a47f0ab4f536015218b22653fff8b18c595fbc5b0c09d857eba7c7a1
SHA256,df5536c254a5d9ac626dbff7525de8301729807433d377db807ce3d8bc7c3ffe
SHA256,1b0c82e71a53300c969da61b085c8ce623202722cf3fa2d79160dac16642303f
SHA256,d7ef8935437d61c975feb2bd826d018373df099047c33ad7305585774a272625
SHA256,49724ee7a6baf421ac5a2a3c93d32e796e2a33d7d75bbfc02239fc9f4e3a41e0
SHA256,66e5371c3da7dc9a80fb4c0fabfa23a30d82650c434eec86a95b6e239eccab88
SHA256,7933716892e0d6053057f5f2df0ccadf5b06dc739fea79ee533dd0cec98ca971
SHA256,43b6b0af744124da5147aba81a98bc7188718d5d205acf929affab016407d592
SHA256,70f66e3131cfbda4d2b82ce9325fed79e1b3c7186bdbb5478f8cbd49b965a120
SHA256,adcdbec0b92da0a39377f5ab95ffe9b6da9682faaa210abcaaa5bd51c827a9e1
SHA256,dbbdcc944c4bf4baea92d1c1108e055a7ba119e97ed97f7459278f1491721d02
SHA256,4a08c391f91cc72de7a78b5fd5e7f74adfecd77075e191685311fa598e07d806
