Host,hh6002.sxzyong.com
Host,9527idc.vicp.net
Host,hwtt.3322.org
Host,805.sxzyong.com
Host,801.sxzyong.com
Host,sdqd666.3322.org
Host,802.sxzyong.com
Host,806.sxzyong.com
Host,www.darkshellnew.com
MD5,aff00fac695971c1aea37ce51f4d6228
MD5,beec4de4740da867ed44c666d283c4f2
MD5,b3e28fc05514abbaea1e12b676bef2a8
MD5,bc47ff49ba8ea1bc0c028edd7262c0ac
MD5,bcb210972648719e7d53223fbb7210ab
MD5,bf56f97511c4c4bc23d92c17d5e976fe
MD5,c008c851bef86764943f7a4a2a16d7c6
MD5,c74890f5a5400e70ff40da0493a933d7
