Host,transliteraturniefabriki.com
Host,tornishineynarkkek2.org
Host,upmisterfliremsnk.net
Host,lastooooomene2ie2e.com
Host,ecloud86.com
Host,ecloud87.com
Host,ecloud88.com
Host,ecloud89.com
Host,ecloud90.com
Host,ecloud91.com
Host,srvdexpress3.com
Host,srvdexpress4.com
Host,srvdexpress5.com
Host,srvdexpress6.com
Host,srvdexpress7.com
Host,elorfans2.com
Host,elorfans3.com
Host,elorfans4.com
Host,elorfans5.com
Host,elorfans6.com
Host,tornishineynarkkek.org
Host,tornishineynarkkek3.org
Host,mediacontent.us
Host,mediacontent2.us
Host,mediacontent3.us
Host,romnsiebabanahujtr.org
Host,romnsiebabanahujtr2.org
Host,romnsiebabanahujtr3.org
MD5,7ce075e3063782f710d47c77ddfa1261
MD5,11f61c60ce548e2148c2f7a2e5f7103c
MD5,e8a94f1df66587abd7c91bfcbe5af5d5
MD5,fdef7dd0b7cece42042a7baca3859e41
MD5,b7d63dcb586ec9a54a91379990dcd804
MD5,7123a117c44e8c454f482b675544d1a9
MD5,5ea867f5f7c24e0939013faf3ed78535
MD5,0131d46686c66e6a4c8d89c3aa03534c
MD5,b0bce8bd66a005eff775099563232e64
MD5,e0bc0503ccc831c07d6cc4c394b5a409
MD5,29ef765145f6dd76cec5cc89c75b44de
MD5,a6fd6661c6ac950263ba9a3d4fc55354
MD5,19f14a5d5610e51f4985444f3f0e59ed
