URL,http://dedicate-hosting.ml/c8a40e36a897c6073b393e12c646894d/e72b2dacd696259ae4abb9952bc53f4d.php?computerid=&public=1
URL,http://dedicate-hosting.ml/c8a40e36a897c6073b393e12c646894d/e72b2dacd696259ae4abb9952bc53f4d.php?computerid=&private=1
URL,http://dedicate-hosting.ml/c8a40e36a897c6073b393e12c646894d/e72b2dacd696259ae4abb9952bc53f4d.php?computerid=&btc=1
URL,http://dedicate-hosting.ml/4.png
URL,https://msdn.microsoft.com/en-us/library/windows/desktop/ms681674%28v=vs.85%29.aspx
URL,https://msdn.microsoft.com/en-gb/library/windows/desktop/aa364939%28v=vs.85%29.aspx
URL,https://msdn.microsoft.com/en-us/library/windows/desktop/ms633548%28v=vs.85%29.aspx
URL,hxxp://dedicate-hosting.ml
Host,dedicate-hosting.ml
Host,qwertyuiop.gp
MD5,c8a40e36a897c6073b393e12c646894d
MD5,e72b2dacd696259ae4abb9952bc53f4d
MD5,4e971d8a160579a5ef60b214aed0008a
MD5,c0232ecc947fa7332187dca7f3ce3eb1
MD5,e7a1c862460e65f0fde91d9020b3f3f5
MD5,843f7d05fa78119554496bbc042c6147
MD5,5fde78da66d1d44d4993a0945e025311
MD5,d1e75b274211a78d9c5d38c8ff2e1778
