URL,http://atendercrumb.com/wp-content/plugins/theme-check/misc.php
URL,http://aumentopenis.org/wp-content/plugins/theme-check/misc.php
URL,http://apiercephoto.com/wp-content/plugins/theme-check/misc.php
URL,http://austinberean.com/wp-content/plugins/theme-check/misc.php
URL,http://attlecostumiers.com/wp-content/plugins/theme-check/misc.php
URL,http://athomegirl.com/wp-content/plugins/theme-check/misc.php
Host,whatdidyaysay.com
Host,iamthewinnerhere.com
Host,atendercrumb.com
Host,aumentopenis.org
Host,apiercephoto.com
Host,austinberean.com
Host,attlecostumiers.com
Host,athomegirl.com
Host,myexternalip.com
